prd.md:808	archive/2026-09/2026-09-05-the-runner-works-the-queue/prd.md:766-773	archive/2026-09/2026-09-05-the-runner-works-the-queue/prd.md	766	transaction, writes the row `ending` with `kille
design.md:91	prd.md:1078-1084	2026-09-05-one-database-one-front-door/prd.md	1078	### Requirement 8 — herdr brings the agents back
design.md:119	prd.md:1167	2026-09-05-one-database-one-front-door/prd.md	1167	decision on 2026-09-05. A slice claims only the
implement.md:17	prd.md:158-163	2026-09-05-one-database-one-front-door/prd.md	158	`local-sd-db/` in this repository holds the libr
implement.md:17	prd.md:468	2026-09-05-one-database-one-front-door/prd.md	468	`local-project-dashboard/` is rebuilt on the lib
implement.md:27	prd.md:353-354	2026-09-05-one-database-one-front-door/prd.md	353	`sd-status` switched to `shadow`, and the pack's
implement.md:137	prd.md:119-120	2026-09-05-one-database-one-front-door/prd.md	119	`restore` note naming the snapshot as older than
implement.md:148	prd.md:197-211	2026-09-05-one-database-one-front-door/prd.md	197	Day-one tables, eleven:
implement.md:151	prd.md:202	2026-09-05-one-database-one-front-door/prd.md	202	| `item` | id, kind (`work`, `idea`, `task`, `re
implement.md:174	prd.md:1750-1755	2026-09-05-one-database-one-front-door/prd.md	1750	3. **Library packaging.** Settled 2026-09-05: th
implement.md:205	prd.md:1228-1237	2026-09-05-one-database-one-front-door/prd.md	1228	assert all three restores pass; a test truncates
implement.md:212	prd.md:1505-1507	2026-09-05-one-database-one-front-door/prd.md	1505	`sd-db-backup` and the report jobs keep the cron
implement.md:259	prd.md:211	2026-09-05-one-database-one-front-door/prd.md	211	| `state` | the operational records that are not
implement.md:284	prd.md:355-364	2026-09-05-one-database-one-front-door/prd.md	355	- Every `docs/work/*/prd.md` in a registered rep
implement.md:307	prd.md:393-400	2026-09-05-one-database-one-front-door/prd.md	393	- The open GitHub issues the operator authored t
implement.md:331	prd.md:1250-1255	2026-09-05-one-database-one-front-door/prd.md	1250	predates the import. Each migration in requireme
implement.md:350	prd.md:1278-1280	2026-09-05-one-database-one-front-door/prd.md	1278	commit, refuses under a pack whose `sd_lib` has
implement.md:351	prd.md:1300-1301	2026-09-05-one-database-one-front-door/prd.md	1300	sets `row`, from B's round fifty-one, and a `prd
implement.md:353	prd.md:1302-1308	2026-09-05-one-database-one-front-door/prd.md	1302	a fixture with an item on a branch alone and ano
implement.md:451	prd.md:859-873	2026-09-05-one-database-one-front-door/prd.md	859	- Every list has the same three controls, render
implement.md:451	prd.md:892-894	2026-09-05-one-database-one-front-door/prd.md	892	a cap, naming the bill. Pages
implement.md:464	prd.md:734	2026-09-05-one-database-one-front-door/prd.md	734	needs a hover or a horizontal scroll. The iPhone
implement.md:464	prd.md:852	2026-09-05-one-database-one-front-door/prd.md	852	- Touch first, keyboard second. Targets at least
implement.md:471	prd.md:1315-1319	2026-09-05-one-database-one-front-door/prd.md	1315	refused change lands in the line, from B's round
implement.md:487	prd.md:1360-1364	2026-09-05-one-database-one-front-door/prd.md	1360	test. No build step: `local-project-dashboard/`
implement.md:488	prd.md:1360	2026-09-05-one-database-one-front-door/prd.md	1360	test. No build step: `local-project-dashboard/`
implement.md:500	prd.md:599	2026-09-05-one-database-one-front-door/prd.md	599	- **Dependencies.** By the operator's decision o
implement.md:502	prd.md:586-598	2026-09-05-one-database-one-front-door/prd.md	586	- **Command log.** Every command the palette ran
implement.md:503	prd.md:841-848	2026-09-05-one-database-one-front-door/prd.md	841	- Every chart, the timeline, the age histogram,
implement.md:598	prd.md:784-802	2026-09-05-one-database-one-front-door/prd.md	784	in. An entry also carries `scope`, one of three.
implement.md:616	prd.md:1319-1322	2026-09-05-one-database-one-front-door/prd.md	1319	for a second `UPDATE item SET status`. Transitio
implement.md:617	prd.md:1334-1336	2026-09-05-one-database-one-front-door/prd.md	1334	`queued` and a status write is refused, cancels
implement.md:632	prd.md:1475-1486	2026-09-05-one-database-one-front-door/prd.md	1475	13. Status change, assign, promote, demote and `
implement.md:660	prd.md:994-997	2026-09-05-one-database-one-front-door/prd.md	994	own bound, and the sum of bounds is the sum of a
implement.md:662	prd.md:1016-1017	2026-09-05-one-database-one-front-door/prd.md	1016	`bound`; a `sending` row whose owner pid is dead
implement.md:672	prd.md:909-911	2026-09-05-one-database-one-front-door/prd.md	909	never rows. A `meter` row is what
implement.md:685	prd.md:984-994	2026-09-05-one-database-one-front-door/prd.md	984	transition of that row, by call id, from `sendin
implement.md:686	prd.md:994-998	2026-09-05-one-database-one-front-door/prd.md	994	own bound, and the sum of bounds is the sum of a
implement.md:688	prd.md:976-979	2026-09-05-one-database-one-front-door/prd.md	976	the whole assignment and not its first call. Exp
implement.md:689	prd.md:1023-1025	2026-09-05-one-database-one-front-door/prd.md	1023	capped bill takes `url` entries only, and the re
implement.md:693	prd.md:951-964	2026-09-05-one-database-one-front-door/prd.md	951	against whichever month asks, from B's round for
implement.md:697	prd.md:1591-1592	2026-09-05-one-database-one-front-door/prd.md	1591	move it. The four weekly numbers render on Today
implement.md:699	prd.md:734	2026-09-05-one-database-one-front-door/prd.md	734	needs a hover or a horizontal scroll. The iPhone
implement.md:718	prd.md:923-925	2026-09-05-one-database-one-front-door/prd.md	923	Shipping is an event, not a closure. `shipped_at
implement.md:728	prd.md:1549-1550	2026-09-05-one-database-one-front-door/prd.md	1549	bill, that raising a cap on a bill that has a `s
implement.md:746	prd.md:1089-1094	2026-09-05-one-database-one-front-door/prd.md	1089	This repository already keeps a machine honest:
implement.md:769	prd.md:173-175	2026-09-05-one-database-one-front-door/prd.md	173	after a backup, and `machine-setup.sh doctor` re
implement.md:775	prd.md:1129-1135	2026-09-05-one-database-one-front-door/prd.md	1129	- **The backup is in the backup.** Requirement 1
implement.md:778	prd.md:1679-1680	2026-09-05-one-database-one-front-door/prd.md	1679	fixture key. A test asserts the backup directory
implement.md:823	prd.md:1658-1681	2026-09-05-one-database-one-front-door/prd.md	1658	22. Backbone. `personal.agent` names `local.syst
implement.md:959	prd.md:1750-1755	2026-09-05-one-database-one-front-door/prd.md	1750	3. **Library packaging.** Settled 2026-09-05: th
implement.md:961	prd.md:1616-1617	2026-09-05-one-database-one-front-door/prd.md	1616	both and nothing else, and the runner opens one
implement.md:970	prd.md:1597-1599	2026-09-05-one-database-one-front-door/prd.md	1597	16. Three followups written through the library
implement.md:972	prd.md:1064	2026-09-05-one-database-one-front-door/prd.md	1064	open while `resolved_at` is null. The `SessionSt
implement.md:978	prd.md:1629-1632	2026-09-05-one-database-one-front-door/prd.md	1629	is refused naming the slice; after the cutover,
implement.md:980	prd.md:1634-1640	2026-09-05-one-database-one-front-door/prd.md	1634	that no `dep` row exists for it. A test selects
implement.md:988	prd.md:1487-1489	2026-09-05-one-database-one-front-door/prd.md	1487	row after its job runs, and keeps its email unti
implement.md:990	prd.md:1471-1474	2026-09-05-one-database-one-front-door/prd.md	1471	each device are checked by hand and recorded on
implement.md:1018	prd.md:1482-1485	2026-09-05-one-database-one-front-door/prd.md	1482	Enable, disable, reorder and cap each round-trip
implement.md:1029	prd.md:1263-1265	2026-09-05-one-database-one-front-door/prd.md	1263	test that changes status and hashes the item's f
implement.md:1065	prd.md:923-925	2026-09-05-one-database-one-front-door/prd.md	923	Shipping is an event, not a closure. `shipped_at
implement.md:1073	prd.md:1528-1529	2026-09-05-one-database-one-front-door/prd.md	1528	pass's total; a grep of the runner and `sd-revie
implement.md:1084	prd.md:1709-1710	2026-09-05-one-database-one-front-door/prd.md	1709	So: a nightly job writes the personal rows as `m
implement.md:1135	prd.md:1060-1071	2026-09-05-one-database-one-front-door/prd.md	1060	The library exposes note writes by kind so that
implement.md:1151	prd.md:1597-1606	2026-09-05-one-database-one-front-door/prd.md	1597	16. Three followups written through the library
implement.md:1197	prd.md:1078-1084	2026-09-05-one-database-one-front-door/prd.md	1078	### Requirement 8 — herdr brings the agents back
implement.md:1343	prd.md:571-573	2026-09-05-one-database-one-front-door/prd.md	571	it is what the rank is decided on. Writes: enabl
implement.md:1499	prd.md:1475-1486	2026-09-05-one-database-one-front-door/prd.md	1475	13. Status change, assign, promote, demote and `
implement.md:1499	prd.md:862-867	2026-09-05-one-database-one-front-door/prd.md	862	is a link. A selection, one tap per row or selec
implement.md:1500	prd.md:565	2026-09-05-one-database-one-front-door/prd.md	565	- **Providers and bills.** The registry as a tab
implement.md:1507	prd.md:1549-1550	2026-09-05-one-database-one-front-door/prd.md	1549	bill, that raising a cap on a bill that has a `s
implement.md:1531	prd.md:1262-1328	2026-09-05-one-database-one-front-door/prd.md	1262	7. A status change writes the row and touches no
implement.md:1581	prd.md:1262-1328	2026-09-05-one-database-one-front-door/prd.md	1262	7. A status change writes the row and touches no
implement.md:1599	prd.md:1080-1083	2026-09-05-one-database-one-front-door/prd.md	1080	`local-herdr/` wraps `herdr` with one named pers
implement.md:1617	prd.md:1370-1372	2026-09-05-one-database-one-front-door/prd.md	1370	stubbed headers. One write from the iPad over th
implement.md:1619	prd.md:1470-1471	2026-09-05-one-database-one-front-door/prd.md	1470	the list without an error. The home-screen insta
implement.md:1622	prd.md:1471-1474	2026-09-05-one-database-one-front-door/prd.md	1471	each device are checked by hand and recorded on
